round	variant	LessonDone_exact	reasons	accepted_peers_exact	private_data_exact	object_sha256
round2-results	base	False	length 739 != target 723; bytes differ (first at +0x26, 555 differing); relocation set differs (9 vs 9)	True	True	21ac0eb591ed67a78a909e1bb5ce14467fd9054782038dad34fe0cba6c427338
round2-results	case54_nested_switch_returns	False	length 722 != target 723; bytes differ (first at +0x26, 553 differing); relocation set differs (5 vs 9)	True	True	9a8c8db2d42b7e592f65bee0654461d6a3cc1fb76d8e52bbd1d2e38d6a339953
round2-results	case54_nested_switch_shared_return	False	bytes differ (first at +0x26, 546 differing); relocation set differs (5 vs 9)	True	True	a36ae6a2f9472b3c215b0b6398364f501e1b27ecafc63f3ce2219c1ccf59e715
round2-results	case54_result_local_lifetime	False	length 742 != target 723; bytes differ (first at +0x26, 555 differing); relocation set differs (8 vs 9)	True	True	5c9ccc83e04cf7adc953b698a33b91fec9e588f0e0684db47c9f8280b27d4c73
round2-results	case54_shared_return	False	length 739 != target 723; bytes differ (first at +0x26, 555 differing); relocation set differs (8 vs 9)	True	True	f285599402d6101fe922fd18dc030aae16e7b7f0d0eb4db884f9ac6039f021cf
round2-results	outer_default_break	False	length 739 != target 723; bytes differ (first at +0x26, 555 differing); relocation set differs (9 vs 9)	True	True	07524de02a68da74f3aa2876657ad521abca0733b8c49bf386f5b95b73a191f7
round2-results	outer_default_first	False	length 706 != target 723; bytes differ (first at +0x11, 680 differing); relocation set differs (8 vs 9)	True	True	4972b015d48f296b22cf01fdfbd47f9ad25578147d95d76613039d0c727ce352
round2-results	outer_default_last	False	length 706 != target 723; bytes differ (first at +0x11, 680 differing); relocation set differs (8 vs 9)	True	True	a3a099cdf77cd78adff68d4550643b3ea7d6fb2d01468e3aec3465be4e72618b
round3-results	base	False	length 739 != target 723; bytes differ (first at +0x26, 555 differing); relocation set differs (9 vs 9)	True	True	21ac0eb591ed67a78a909e1bb5ce14467fd9054782038dad34fe0cba6c427338
round3-results	reordered_target_block_order	False	length 739 != target 723; bytes differ (first at +0x26, 555 differing); relocation set differs (9 vs 9)	True	True	9e481ba0a70468117711908a04695481f128e5b8301e4fe6f1b130ea3e6eb864
round3-results	reordered_target_groups	False	length 712 != target 723; bytes differ (first at +0x26, 549 differing); relocation set differs (8 vs 9)	True	True	348f68a6e36aecdd8bfe8f191abb2a5dfd1a8e7f826e202ffda956cbf75b4ab2
round4-results	base	False	length 739 != target 723; bytes differ (first at +0x26, 555 differing); relocation set differs (9 vs 9)	True	True	21ac0eb591ed67a78a909e1bb5ce14467fd9054782038dad34fe0cba6c427338
round4-results	case7_9_nested_short_circuit	False	length 715 != target 723; bytes differ (first at +0x26, 535 differing); relocation set differs (8 vs 9)	True	True	ee9a463fd3d3b49f0d41fc01656c8396951803b6d9f00749be54a93dea8cd703
round4-results	case7_9_time_result_lifetime	False	length 725 != target 723; bytes differ (first at +0x3, 707 differing); relocation set differs (8 vs 9)	True	True	18472e557b6509adeedabe33c1b616d944104cb00ede2fb1429dfba999d4d3cf
round5-results	base	False	length 739 != target 723; bytes differ (first at +0x26, 555 differing); relocation set differs (9 vs 9)	True	True	21ac0eb591ed67a78a909e1bb5ce14467fd9054782038dad34fe0cba6c427338
round5-results	case7_9_nested_short_circuit	False	length 715 != target 723; bytes differ (first at +0x26, 535 differing); relocation set differs (8 vs 9)	True	True	ee9a463fd3d3b49f0d41fc01656c8396951803b6d9f00749be54a93dea8cd703
round5-results	case7_nested_only	False	length 739 != target 723; bytes differ (first at +0x26, 555 differing); relocation set differs (9 vs 9)	True	True	49b02a397a17114cd1e7edb4bc1c442feae921f58287242fd752628f6610360a
round5-results	case9_split_only	False	length 715 != target 723; bytes differ (first at +0x26, 535 differing); relocation set differs (8 vs 9)	True	True	acbed959a7bd449d7c8806198d0c0af6d8b1ab05c22ab1078714ba0808940dc9
round6-results	base	False	length 739 != target 723; bytes differ (first at +0x26, 555 differing); relocation set differs (9 vs 9)	True	True	21ac0eb591ed67a78a909e1bb5ce14467fd9054782038dad34fe0cba6c427338
round6-results	case0_based_expression	False	length 739 != target 723; bytes differ (first at +0x26, 555 differing); relocation set differs (9 vs 9)	True	True	b7142db86212a2d8b97d3c15c79ebf43086e13554170860e2201199af74f76fb
